{"cameraMode":{"drawMode":0,"name":"Shaded","section":"Shading Mode"},"sceneLighting":true,"audioPlay":false,"sceneViewState":{"showFog":false,"showMaterialUpdate":false,"showSkybox":false,"showFlares":false,"showImageEffects":false,"showParticleSystems":false},"in2DMode":false,"pivot":{"x":-200.297119140625,"y":119.29224395751953,"z":-119.18126678466797},"rotation":{"x":-0.4784550964832306,"y":-0.36411553621292117,"z":0.22741670906543733,"w":-0.7660171985626221},"size":47.293060302734378,"orthographic":false}