{"cameraMode":{"drawMode":0,"name":"Shaded","section":"Shading Mode"},"sceneLighting":false,"audioPlay":false,"sceneViewState":{"showFog":false,"showMaterialUpdate":false,"showSkybox":false,"showFlares":false,"showImageEffects":false,"showParticleSystems":false},"in2DMode":false,"pivot":{"x":-184.56369018554688,"y":17.388399124145509,"z":56.36125183105469},"rotation":{"x":0.027213148772716523,"y":-0.6462632417678833,"z":-0.023082058876752855,"w":-0.7622798085212708},"size":28.570175170898439,"orthographic":false}