{"cameraMode":{"drawMode":0,"name":"Shaded","section":"Shading Mode"},"sceneLighting":false,"audioPlay":false,"sceneViewState":{"showFog":false,"showMaterialUpdate":false,"showSkybox":false,"showFlares":false,"showImageEffects":false,"showParticleSystems":false},"in2DMode":false,"pivot":{"x":-461.31439208984377,"y":4.001235008239746,"z":-112.07621002197266},"rotation":{"x":-0.16245760023593903,"y":-0.6382851600646973,"z":0.14025500416755677,"w":-0.7392753958702087},"size":59.6054573059082,"orthographic":false}