{"cameraMode":{"drawMode":0,"name":"Shaded","section":"Shading Mode"},"sceneLighting":true,"audioPlay":false,"sceneViewState":{"showFog":false,"showMaterialUpdate":false,"showSkybox":false,"showFlares":false,"showImageEffects":false,"showParticleSystems":false},"in2DMode":false,"pivot":{"x":-212.1484375,"y":151.13275146484376,"z":447.2472839355469},"rotation":{"x":0.13289494812488557,"y":0.5144698619842529,"z":-0.08107390999794007,"w":0.8432596325874329},"size":60.91370391845703,"orthographic":false}