{"cameraMode":{"drawMode":0,"name":"Shaded","section":"Shading Mode"},"sceneLighting":false,"audioPlay":false,"sceneViewState":{"showFog":false,"showMaterialUpdate":false,"showSkybox":false,"showFlares":false,"showImageEffects":false,"showParticleSystems":false},"in2DMode":false,"pivot":{"x":-248.59947204589845,"y":-1.4977227449417115,"z":-21.189416885375978},"rotation":{"x":0.021728504449129106,"y":0.45367589592933657,"z":-0.010897875763475895,"w":0.8908352255821228},"size":34.99492645263672,"orthographic":false}