{"cameraMode":{"drawMode":0,"name":"Shaded","section":"Shading Mode"},"sceneLighting":false,"audioPlay":false,"sceneViewState":{"showFog":false,"showMaterialUpdate":false,"showSkybox":false,"showFlares":false,"showImageEffects":false,"showParticleSystems":false},"in2DMode":false,"pivot":{"x":-1.5006461143493653,"y":1.052398681640625,"z":-0.6329226493835449},"rotation":{"x":-0.16245760023593903,"y":-0.6382851600646973,"z":0.14025500416755677,"w":-0.7392753958702087},"size":58.4543571472168,"orthographic":false}