{"cameraMode":{"drawMode":0,"name":"Shaded","section":"Shading Mode"},"sceneLighting":false,"audioPlay":false,"sceneViewState":{"showFog":false,"showMaterialUpdate":false,"showSkybox":false,"showFlares":false,"showImageEffects":false,"showParticleSystems":false},"in2DMode":false,"pivot":{"x":-220.9318084716797,"y":99.31781005859375,"z":-80.59191131591797},"rotation":{"x":-0.13024060428142548,"y":-0.6938449740409851,"z":0.12963445484638215,"w":-0.6962839961051941},"size":20.42778968811035,"orthographic":false}