{"cameraMode":{"drawMode":0,"name":"Shaded","section":"Shading Mode"},"sceneLighting":false,"audioPlay":false,"sceneViewState":{"showFog":false,"showMaterialUpdate":false,"showSkybox":false,"showFlares":false,"showImageEffects":false,"showParticleSystems":false},"in2DMode":false,"pivot":{"x":-102.10895538330078,"y":97.15514373779297,"z":-2.0578436851501467},"rotation":{"x":-0.19979844987392426,"y":-0.7646411061286926,"z":0.28018712997436526,"w":-0.5448850393295288},"size":930.0016479492188,"orthographic":false}