{"cameraMode":{"drawMode":0,"name":"Shaded","section":"Shading Mode"},"sceneLighting":true,"audioPlay":false,"sceneViewState":{"showFog":false,"showMaterialUpdate":false,"showSkybox":false,"showFlares":false,"showImageEffects":false,"showParticleSystems":false},"in2DMode":false,"pivot":{"x":-299.2603759765625,"y":-35.597930908203128,"z":597.6390991210938},"rotation":{"x":0.3494258224964142,"y":-0.12456002086400986,"z":0.046932026743888858,"w":0.9274610280990601},"size":385.8944091796875,"orthographic":false}