{"cameraMode":{"drawMode":0,"name":"Shaded","section":"Shading Mode"},"sceneLighting":false,"audioPlay":false,"sceneViewState":{"showFog":false,"showMaterialUpdate":false,"showSkybox":false,"showFlares":false,"showImageEffects":false,"showParticleSystems":false},"in2DMode":false,"pivot":{"x":-384.16644287109377,"y":-47.23383712768555,"z":-61.98682403564453},"rotation":{"x":-0.11271930485963822,"y":-0.83659428358078,"z":0.18778499960899354,"w":-0.5021366477012634},"size":242.3397979736328,"orthographic":false}