{"cameraMode":{"drawMode":0,"name":"Shaded","section":"Shading Mode"},"sceneLighting":true,"audioPlay":false,"sceneViewState":{"showFog":false,"showMaterialUpdate":false,"showSkybox":false,"showFlares":false,"showImageEffects":false,"showParticleSystems":false},"in2DMode":false,"pivot":{"x":-489.2727355957031,"y":65.66252136230469,"z":-239.61785888671876},"rotation":{"x":0.12404342740774155,"y":-0.6940991878509522,"z":0.12330705672502518,"w":0.6983087658882141},"size":329.2892761230469,"orthographic":false}