{"cameraMode":{"drawMode":0,"name":"Shaded","section":"Shading Mode"},"sceneLighting":true,"audioPlay":false,"sceneViewState":{"showFog":false,"showMaterialUpdate":false,"showSkybox":false,"showFlares":false,"showImageEffects":false,"showParticleSystems":false},"in2DMode":false,"pivot":{"x":-60.95838928222656,"y":-9.841720581054688,"z":-28.028011322021486},"rotation":{"x":-0.23883448541164399,"y":-0.1956663280725479,"z":0.04908820614218712,"w":-0.9498754143714905},"size":145.8719940185547,"orthographic":false}