{"cameraMode":{"drawMode":0,"name":"Shaded","section":"Shading Mode"},"sceneLighting":false,"audioPlay":false,"sceneViewState":{"showFog":false,"showMaterialUpdate":false,"showSkybox":false,"showFlares":false,"showImageEffects":false,"showParticleSystems":false},"in2DMode":false,"pivot":{"x":-526.541748046875,"y":4.609536170959473,"z":-130.14981079101563},"rotation":{"x":0.013670559972524643,"y":0.9818375110626221,"z":-0.07702669501304627,"w":0.17284458875656129},"size":153.49725341796876,"orthographic":false}