{"cameraMode":{"drawMode":0,"name":"Shaded","section":"Shading Mode"},"sceneLighting":true,"audioPlay":false,"sceneViewState":{"showFog":false,"showMaterialUpdate":false,"showSkybox":false,"showFlares":false,"showImageEffects":false,"showParticleSystems":false},"in2DMode":false,"pivot":{"x":-414.13153076171877,"y":23.343273162841798,"z":-158.11033630371095},"rotation":{"x":0.09835708141326904,"y":-0.6940068602561951,"z":0.09660928696393967,"w":0.7066449522972107},"size":45.52619552612305,"orthographic":false}