{"cameraMode":{"drawMode":0,"name":"Shaded","section":"Shading Mode"},"sceneLighting":true,"audioPlay":false,"sceneViewState":{"showFog":false,"showMaterialUpdate":false,"showSkybox":false,"showFlares":false,"showImageEffects":false,"showParticleSystems":false},"in2DMode":false,"pivot":{"x":-120.0010986328125,"y":14.624313354492188,"z":-76.68862915039063},"rotation":{"x":-0.06899796426296234,"y":-0.896645188331604,"z":0.15102186799049378,"w":-0.41043779253959658},"size":62.369808197021487,"orthographic":false}