{"cameraMode":{"drawMode":0,"name":"Shaded","section":"Shading Mode"},"sceneLighting":false,"audioPlay":false,"sceneViewState":{"showFog":false,"showMaterialUpdate":false,"showSkybox":false,"showFlares":false,"showImageEffects":false,"showParticleSystems":false},"in2DMode":false,"pivot":{"x":-340.367431640625,"y":126.45421600341797,"z":425.63323974609377},"rotation":{"x":-0.19979844987392426,"y":-0.7646411061286926,"z":0.28018712997436526,"w":-0.5448850393295288},"size":34.31788635253906,"orthographic":false}