{"cameraMode":{"drawMode":0,"name":"Shaded","section":"Shading Mode"},"sceneLighting":true,"audioPlay":false,"sceneViewState":{"showFog":false,"showMaterialUpdate":false,"showSkybox":false,"showFlares":false,"showImageEffects":false,"showParticleSystems":false},"in2DMode":false,"pivot":{"x":-420.9024353027344,"y":106.20370483398438,"z":-144.7001495361328},"rotation":{"x":0.0010248799808323384,"y":-0.9648731350898743,"z":0.26268714666366579,"w":0.003784616943448782},"size":405.45245361328127,"orthographic":false}