{"cameraMode":{"drawMode":0,"name":"Shaded","section":"Shading Mode"},"sceneLighting":true,"audioPlay":false,"sceneViewState":{"showFog":false,"showMaterialUpdate":false,"showSkybox":false,"showFlares":false,"showImageEffects":false,"showParticleSystems":false},"in2DMode":false,"pivot":{"x":-534.185791015625,"y":-32.71037292480469,"z":-175.2526397705078},"rotation":{"x":-0.4225347340106964,"y":-0.13218790292739869,"z":0.062437187880277637,"w":-0.8944789171218872},"size":408.0447998046875,"orthographic":false}