{"cameraMode":{"drawMode":0,"name":"Shaded","section":"Shading Mode"},"sceneLighting":true,"audioPlay":false,"sceneViewState":{"showFog":false,"showMaterialUpdate":false,"showSkybox":false,"showFlares":false,"showImageEffects":false,"showParticleSystems":false},"in2DMode":false,"pivot":{"x":1.356165885925293,"y":-0.47584691643714907,"z":5.6640625},"rotation":{"x":-0.05126499384641647,"y":-0.026676468551158906,"z":0.0013772763777524233,"w":-0.9983278512954712},"size":14.223416328430176,"orthographic":false}