{"cameraMode":{"drawMode":0,"name":"Shaded","section":"Shading Mode"},"sceneLighting":false,"audioPlay":false,"sceneViewState":{"showFog":false,"showMaterialUpdate":false,"showSkybox":false,"showFlares":false,"showImageEffects":false,"showParticleSystems":false},"in2DMode":false,"pivot":{"x":-413.4626159667969,"y":111.62724304199219,"z":284.01580810546877},"rotation":{"x":-0.04144451022148132,"y":-0.7248387336730957,"z":0.043761517852544788,"w":-0.6862769722938538},"size":26.682315826416017,"orthographic":false}