{"cameraMode":{"drawMode":0,"name":"Shaded","section":"Shading Mode"},"sceneLighting":true,"audioPlay":false,"sceneViewState":{"showFog":false,"showMaterialUpdate":false,"showSkybox":false,"showFlares":false,"showImageEffects":false,"showParticleSystems":false},"in2DMode":false,"pivot":{"x":-426.8594970703125,"y":41.58731460571289,"z":83.1948471069336},"rotation":{"x":0.0825355052947998,"y":0.91358482837677,"z":-0.2340596616268158,"w":0.3221285343170166},"size":37.190826416015628,"orthographic":false}