{"cameraMode":{"drawMode":0,"name":"Shaded","section":"Shading Mode"},"sceneLighting":true,"audioPlay":false,"sceneViewState":{"showFog":false,"showMaterialUpdate":false,"showSkybox":false,"showFlares":false,"showImageEffects":false,"showParticleSystems":false},"in2DMode":false,"pivot":{"x":-435.9920959472656,"y":36.89228820800781,"z":97.49614715576172},"rotation":{"x":-0.12864458560943604,"y":-0.0680890753865242,"z":0.008851874619722367,"w":-0.9893109202384949},"size":30.53679847717285,"orthographic":false}