{"cameraMode":{"drawMode":0,"name":"Shaded","section":"Shading Mode"},"sceneLighting":false,"audioPlay":false,"sceneViewState":{"showFog":false,"showMaterialUpdate":false,"showSkybox":false,"showFlares":false,"showImageEffects":false,"showParticleSystems":false},"in2DMode":false,"pivot":{"x":-392.8057556152344,"y":150.68783569335938,"z":453.69158935546877},"rotation":{"x":-0.16245760023593903,"y":-0.6382851600646973,"z":0.14025500416755677,"w":-0.7392753958702087},"size":155.6446990966797,"orthographic":false}