{"cameraMode":{"drawMode":0,"name":"Shaded","section":"Shading Mode"},"sceneLighting":false,"audioPlay":false,"sceneViewState":{"showFog":false,"showMaterialUpdate":false,"showSkybox":false,"showFlares":false,"showImageEffects":false,"showParticleSystems":false},"in2DMode":false,"pivot":{"x":-220.9318084716797,"y":99.31781005859375,"z":-80.59191131591797},"rotation":{"x":-0.19979844987392426,"y":-0.7646411061286926,"z":0.28018712997436526,"w":-0.5448850393295288},"size":48.99562072753906,"orthographic":false}