{"cameraMode":{"drawMode":0,"name":"Shaded","section":"Shading Mode"},"sceneLighting":false,"audioPlay":false,"sceneViewState":{"showFog":false,"showMaterialUpdate":false,"showSkybox":false,"showFlares":false,"showImageEffects":false,"showParticleSystems":false},"in2DMode":false,"pivot":{"x":5.762672424316406,"y":-29.191591262817384,"z":161.3561248779297},"rotation":{"x":-0.10212475061416626,"y":-0.13089586794376374,"z":-0.013451940380036831,"w":0.9860303401947022},"size":8.147178649902344,"orthographic":false}