{"cameraMode":{"drawMode":0,"name":"Shaded","section":"Shading Mode"},"sceneLighting":false,"audioPlay":false,"sceneViewState":{"showFog":false,"showMaterialUpdate":false,"showSkybox":false,"showFlares":false,"showImageEffects":false,"showParticleSystems":false},"in2DMode":false,"pivot":{"x":0.2803792357444763,"y":-1.2572005987167359,"z":-7.519275665283203},"rotation":{"x":0.49691471457481387,"y":0.07686275988817215,"z":-0.044249214231967929,"w":0.8632554411888123},"size":12.548413276672364,"orthographic":false}