{"cameraMode":{"drawMode":0,"name":"Shaded","section":"Shading Mode"},"sceneLighting":false,"audioPlay":false,"sceneViewState":{"showFog":false,"showMaterialUpdate":false,"showSkybox":false,"showFlares":false,"showImageEffects":false,"showParticleSystems":false},"in2DMode":false,"pivot":{"x":-245.89999389648438,"y":105.5,"z":-89.9000015258789},"rotation":{"x":-0.07493545114994049,"y":-0.08934386074542999,"z":0.006733309477567673,"w":-0.9931551218032837},"size":169.8035430908203,"orthographic":false}