{"cameraMode":{"drawMode":0,"name":"Shaded","section":"Shading Mode"},"sceneLighting":false,"audioPlay":false,"sceneViewState":{"showFog":false,"showMaterialUpdate":false,"showSkybox":false,"showFlares":false,"showImageEffects":false,"showParticleSystems":false},"in2DMode":false,"pivot":{"x":-210.0443115234375,"y":138.55543518066407,"z":434.53662109375},"rotation":{"x":0.47357240319252016,"y":0.24583390355110169,"z":-0.13944154977798463,"w":0.8341768383979797},"size":260.2791442871094,"orthographic":false}