{"cameraMode":{"drawMode":0,"name":"Shaded","section":"Shading Mode"},"sceneLighting":false,"audioPlay":false,"sceneViewState":{"showFog":false,"showMaterialUpdate":false,"showSkybox":false,"showFlares":false,"showImageEffects":false,"showParticleSystems":false},"in2DMode":false,"pivot":{"x":-1.9624354839324952,"y":2.1404900550842287,"z":-0.6720314025878906},"rotation":{"x":0.49691471457481387,"y":0.07686275988817215,"z":-0.044249214231967929,"w":0.8632554411888123},"size":5.582906723022461,"orthographic":false}