{"cameraMode":{"drawMode":0,"name":"Shaded","section":"Shading Mode"},"sceneLighting":true,"audioPlay":false,"sceneViewState":{"showFog":false,"showMaterialUpdate":false,"showSkybox":false,"showFlares":false,"showImageEffects":false,"showParticleSystems":false},"in2DMode":false,"pivot":{"x":-181.69964599609376,"y":-31.0250244140625,"z":-6.601654052734375},"rotation":{"x":-0.4329439401626587,"y":-0.11633589118719101,"z":0.05634172633290291,"w":-0.8921048641204834},"size":537.196533203125,"orthographic":false}