{"cameraMode":{"drawMode":0,"name":"Shaded","section":"Shading Mode"},"sceneLighting":false,"audioPlay":false,"sceneViewState":{"showFog":false,"showMaterialUpdate":false,"showSkybox":false,"showFlares":false,"showImageEffects":false,"showParticleSystems":false},"in2DMode":false,"pivot":{"x":-412.3121032714844,"y":106.38788604736328,"z":363.7259826660156},"rotation":{"x":-0.19979844987392426,"y":-0.7646411061286926,"z":0.28018712997436526,"w":-0.5448850393295288},"size":20.973133087158204,"orthographic":false}