{"cameraMode":{"drawMode":0,"name":"Shaded","section":"Shading Mode"},"sceneLighting":false,"audioPlay":false,"sceneViewState":{"showFog":false,"showMaterialUpdate":false,"showSkybox":false,"showFlares":false,"showImageEffects":false,"showParticleSystems":false},"in2DMode":false,"pivot":{"x":-210.0443115234375,"y":138.55543518066407,"z":434.53662109375},"rotation":{"x":-0.09823716431856156,"y":0.2982417941093445,"z":0.03098231554031372,"w":0.948915958404541},"size":29.23638916015625,"orthographic":false}