{"cameraMode":{"drawMode":0,"name":"Shaded","section":"Shading Mode"},"sceneLighting":false,"audioPlay":false,"sceneViewState":{"showFog":false,"showMaterialUpdate":false,"showSkybox":false,"showFlares":false,"showImageEffects":false,"showParticleSystems":false},"in2DMode":false,"pivot":{"x":0.20404815673828126,"y":43.47124481201172,"z":0.1699981689453125},"rotation":{"x":-0.16245760023593903,"y":-0.6382851600646973,"z":0.14025500416755677,"w":-0.7392753958702087},"size":243.49169921875,"orthographic":false}