{"cameraMode":{"drawMode":0,"name":"Shaded","section":"Shading Mode"},"sceneLighting":false,"audioPlay":false,"sceneViewState":{"showFog":false,"showMaterialUpdate":false,"showSkybox":false,"showFlares":false,"showImageEffects":false,"showParticleSystems":false},"in2DMode":false,"pivot":{"x":-244.77145385742188,"y":141.3975372314453,"z":317.84991455078127},"rotation":{"x":-0.19979844987392426,"y":-0.7646411061286926,"z":0.28018712997436526,"w":-0.5448850393295288},"size":38.14726638793945,"orthographic":false}