{"cameraMode":{"drawMode":0,"name":"Shaded","section":"Shading Mode"},"sceneLighting":true,"audioPlay":false,"sceneViewState":{"showFog":false,"showMaterialUpdate":false,"showSkybox":false,"showFlares":false,"showImageEffects":false,"showParticleSystems":false},"in2DMode":false,"pivot":{"x":-420.3391418457031,"y":111.89675903320313,"z":363.9971923828125},"rotation":{"x":-0.13752545416355134,"y":-0.28934445977211,"z":0.04204203188419342,"w":-0.9463609457015991},"size":364.913818359375,"orthographic":false}