{"cameraMode":{"drawMode":0,"name":"Shaded","section":"Shading Mode"},"sceneLighting":false,"audioPlay":false,"sceneViewState":{"showFog":false,"showMaterialUpdate":false,"showSkybox":false,"showFlares":false,"showImageEffects":false,"showParticleSystems":false},"in2DMode":false,"pivot":{"x":-220.38946533203126,"y":100.71720123291016,"z":-80.65055084228516},"rotation":{"x":-0.13024060428142548,"y":-0.6938449740409851,"z":0.12963445484638215,"w":-0.6962839961051941},"size":7.2746992111206059,"orthographic":false}