{"cameraMode":{"drawMode":0,"name":"Shaded","section":"Shading Mode"},"sceneLighting":true,"audioPlay":false,"sceneViewState":{"showFog":false,"showMaterialUpdate":false,"showSkybox":false,"showFlares":false,"showImageEffects":false,"showParticleSystems":false},"in2DMode":false,"pivot":{"x":-426.6460876464844,"y":39.2662353515625,"z":83.22119140625},"rotation":{"x":0.36364036798477175,"y":0.28246453404426577,"z":-0.11655207723379135,"w":0.879997193813324},"size":52.53302764892578,"orthographic":false}