{"cameraMode":{"drawMode":0,"name":"Shaded","section":"Shading Mode"},"sceneLighting":false,"audioPlay":false,"sceneViewState":{"showFog":false,"showMaterialUpdate":false,"showSkybox":false,"showFlares":false,"showImageEffects":false,"showParticleSystems":false},"in2DMode":false,"pivot":{"x":-1.5006461143493653,"y":1.052398681640625,"z":-0.6329226493835449},"rotation":{"x":-0.09809181839227677,"y":-0.723693311214447,"z":0.10515943169593811,"w":-0.6749722361564636},"size":41.34081268310547,"orthographic":false}