{"cameraMode":{"drawMode":0,"name":"Shaded","section":"Shading Mode"},"sceneLighting":false,"audioPlay":false,"sceneViewState":{"showFog":false,"showMaterialUpdate":false,"showSkybox":false,"showFlares":false,"showImageEffects":false,"showParticleSystems":false},"in2DMode":false,"pivot":{"x":-473.97607421875,"y":11.899999618530274,"z":-197.53709411621095},"rotation":{"x":0.021728504449129106,"y":0.45367589592933657,"z":-0.010897875763475895,"w":0.8908352255821228},"size":93.07146453857422,"orthographic":false}