{"cameraMode":{"drawMode":0,"name":"Shaded","section":"Shading Mode"},"sceneLighting":true,"audioPlay":false,"sceneViewState":{"showFog":false,"showMaterialUpdate":false,"showSkybox":false,"showFlares":false,"showImageEffects":false,"showParticleSystems":false},"in2DMode":false,"pivot":{"x":-151.87539672851563,"y":101.97753143310547,"z":70.4913101196289},"rotation":{"x":-0.07493545114994049,"y":-0.08934386074542999,"z":0.006733309477567673,"w":-0.9931551218032837},"size":85.46256256103516,"orthographic":false}