{"cameraMode":{"drawMode":0,"name":"Shaded","section":"Shading Mode"},"sceneLighting":true,"audioPlay":false,"sceneViewState":{"showFog":false,"showMaterialUpdate":false,"showSkybox":false,"showFlares":false,"showImageEffects":false,"showParticleSystems":false},"in2DMode":false,"pivot":{"x":-414.2972412109375,"y":39.788360595703128,"z":90.19063568115235},"rotation":{"x":0.08428648859262467,"y":0.6890712976455689,"z":-0.08120118826627732,"w":0.7151803374290466},"size":45.21818542480469,"orthographic":false}