{"cameraMode":{"drawMode":0,"name":"Shaded","section":"Shading Mode"},"sceneLighting":false,"audioPlay":false,"sceneViewState":{"showFog":false,"showMaterialUpdate":false,"showSkybox":false,"showFlares":false,"showImageEffects":false,"showParticleSystems":false},"in2DMode":false,"pivot":{"x":-0.15880358219146729,"y":-26.383438110351564,"z":161.78897094726563},"rotation":{"x":-0.000008311494639201555,"y":-0.999360203742981,"z":-0.0026918158400803806,"w":-0.03566474840044975},"size":17.123573303222658,"orthographic":false}