{"cameraMode":{"drawMode":0,"name":"Shaded","section":"Shading Mode"},"sceneLighting":true,"audioPlay":false,"sceneViewState":{"showFog":false,"showMaterialUpdate":false,"showSkybox":false,"showFlares":false,"showImageEffects":false,"showParticleSystems":false},"in2DMode":false,"pivot":{"x":-526.541748046875,"y":4.609536170959473,"z":-130.14981079101563},"rotation":{"x":-0.13752545416355134,"y":-0.28934445977211,"z":0.04204203188419342,"w":-0.9463609457015991},"size":303.0727233886719,"orthographic":false}