{"cameraMode":{"drawMode":0,"name":"Shaded","section":"Shading Mode"},"sceneLighting":false,"audioPlay":false,"sceneViewState":{"showFog":false,"showMaterialUpdate":false,"showSkybox":false,"showFlares":false,"showImageEffects":false,"showParticleSystems":false},"in2DMode":false,"pivot":{"x":-464.18328857421877,"y":19.504291534423829,"z":-107.38194274902344},"rotation":{"x":-0.16245760023593903,"y":-0.6382851600646973,"z":0.14025500416755677,"w":-0.7392753958702087},"size":22.0,"orthographic":false}