{"cameraMode":{"drawMode":0,"name":"Shaded","section":"Shading Mode"},"sceneLighting":false,"audioPlay":false,"sceneViewState":{"showFog":false,"showMaterialUpdate":false,"showSkybox":false,"showFlares":false,"showImageEffects":false,"showParticleSystems":false},"in2DMode":false,"pivot":{"x":7.800000190734863,"y":10.446989059448243,"z":261.0},"rotation":{"x":-0.07493545114994049,"y":-0.08934386074542999,"z":0.006733309477567673,"w":-0.9931551218032837},"size":26.216693878173829,"orthographic":false}