{"cameraMode":{"drawMode":0,"name":"Shaded","section":"Shading Mode"},"sceneLighting":true,"audioPlay":false,"sceneViewState":{"showFog":false,"showMaterialUpdate":false,"showSkybox":false,"showFlares":false,"showImageEffects":false,"showParticleSystems":false},"in2DMode":false,"pivot":{"x":-9.781097412109375,"y":12.825174331665039,"z":159.62477111816407},"rotation":{"x":-0.022720862179994584,"y":-0.8653519153594971,"z":0.03918392211198807,"w":-0.49911367893218996},"size":43.19667434692383,"orthographic":false}