{"cameraMode":{"drawMode":0,"name":"Shaded","section":"Shading Mode"},"sceneLighting":false,"audioPlay":false,"sceneViewState":{"showFog":false,"showMaterialUpdate":false,"showSkybox":false,"showFlares":false,"showImageEffects":false,"showParticleSystems":false},"in2DMode":false,"pivot":{"x":-280.5057373046875,"y":2.37227725982666,"z":-46.08952331542969},"rotation":{"x":0.021728504449129106,"y":0.45367589592933657,"z":-0.010897875763475895,"w":0.8908352255821228},"size":28.321792602539064,"orthographic":false}